id,name,category_id,price_range,rating,description,testimonial,image_url
1,Toni Fuller,6,7230.73,1.81,Put box machine model do six treatment office. Occur field seek surface.,Involve large author next perform front same guess with nice.,https://picsum.photos/640/480?random=1
2,Sarah Moran,5,1368.08,4.65,Us area consumer. Word see force stuff forward just.,Religious significant be soon reflect owner by remember wish idea moment them.,https://picsum.photos/640/480?random=2
3,Brenda Lewis,2,1108.52,1.09,Especially red play travel worker.,Improve remember baby develop with total.,https://picsum.photos/640/480?random=3
4,Tracey Hughes,7,6797.02,1.09,Deal foot area around. Very stuff war meeting per church.,Team car make least while environment action maybe occur hundred.,https://picsum.photos/640/480?random=4
5,Aimee Miller,5,7215.65,4.96,Office bring ten him need charge state act. Owner pretty technology.,Parent voice meeting sport history wonder represent.,https://picsum.photos/640/480?random=5
6,John Walker,6,7136.43,1.66,Without change fly leg. Peace seek energy own sea ground. Same life many bank.,A experience write seat future up mission.,https://picsum.photos/640/480?random=6
7,Brian Kirk,1,2020.24,4.75,News necessary argue growth hear visit. Around put green little home economic.,Professor much writer which current nothing yard culture pattern.,https://picsum.photos/640/480?random=7
8,Michael Walker,7,4418.41,1.61,Young suffer safe himself table sort. Resource former now over tough. Spend stop old.,Yourself car radio speech whose environmental sometimes money unit large notice room.,https://picsum.photos/640/480?random=8
9,Tracy Gonzalez,4,7745.62,4.49,Nice save eight. Ability rule want add result point. Not positive focus friend go you political.,Make specific phone often plan bar hand.,https://picsum.photos/640/480?random=9
10,Eric Wright,1,6548.57,1.74,Machine carry half. Believe enjoy herself contain live hospital action child.,Role interesting meet item majority few matter public there able whole.,https://picsum.photos/640/480?random=10
11,Kristi Callahan,5,2687.24,3.88,Hot soon child spring institution stuff feel great.,Interest mission big matter Democrat what while couple.,https://picsum.photos/640/480?random=11
12,Christine Nolan,3,8390.5,2.69,Admit interview president course raise bad. Draw agent girl old.,More evening sometimes game usually example court hospital fly example.,https://picsum.photos/640/480?random=12
13,Jason Fletcher,3,9953.08,4.33,Seek piece measure onto land. Into half others allow indicate.,Mouth fact sure tough occur need site seek note or.,https://picsum.photos/640/480?random=13
14,Casey Greene,5,5573.57,3.45,Reality attention Mr mention let be. Laugh loss live page.,Seek really pass record hotel entire red available law quality already enter action.,https://picsum.photos/640/480?random=14
15,Rebecca Tanner,5,8067.4,4.55,Meeting image follow large production. Table class small hit enjoy player.,Operation agent paper wish area success.,https://picsum.photos/640/480?random=15
16,Elizabeth Goodman,5,7471.24,1.07,Tough including deal voice carry price. Kind candidate politics could voice perhaps late.,Research crime throw movement design change property law change almost call.,https://picsum.photos/640/480?random=16
17,Erica Davis,6,1738.52,2.92,Personal main road opportunity cause cover somebody. World nation sound officer lay artist.,Lay star form fight dinner religious drug around near heavy meet major.,https://picsum.photos/640/480?random=17
18,Miss Amy Gonzalez,1,9984.84,3.3,Window trip key road over. Instead surface night toward. Pay power sit several.,Other would daughter edge key grow keep this.,https://picsum.photos/640/480?random=18
19,Christopher Calderon,6,8812.66,1.89,Close risk member nice know. Star eye thousand husband security. Safe hair there product build.,Quickly fear challenge machine concern grow by such.,https://picsum.photos/640/480?random=19
20,Caroline Murphy,7,4158.36,2.15,Hear laugh space young owner commercial office. Trip add student.,Call network but seven that hard evening attorney lay machine floor conference call.,https://picsum.photos/640/480?random=20
21,Michael Lee,6,1664.68,4.62,Enjoy best performance weight. Cost city my price TV performance.,Perhaps enter staff create throw show.,https://picsum.photos/640/480?random=21
22,Misty Washington,7,4289.04,2.45,Main blue evidence action travel way decide. Billion example short eight result evening his.,Area million win thank best community toward.,https://picsum.photos/640/480?random=22
23,Frank Ramos,6,9962.22,4.29,Accept head watch service simple. Teacher money party herself necessary common.,Matter wear relationship effort big son respond teacher room.,https://picsum.photos/640/480?random=23
24,Dorothy Martin,4,7857.65,2.08,Life law with. Force brother computer fight seem. Long garden star sit thousand sometimes identify.,Cultural all tell administration central religious space sit I religious.,https://picsum.photos/640/480?random=24
25,Jesus Aguirre,5,1076.24,2.43,Deal car itself heavy. Couple article keep easy. Out move fall about.,Professional television forget concern it keep style thus color.,https://picsum.photos/640/480?random=25
26,Courtney Taylor,7,3013.31,1.42,Reach hundred might officer sit season reality picture. Station center those.,Between have left safe picture station mouth section their time just beyond fill.,https://picsum.photos/640/480?random=26
27,Willie Alvarez,3,2376.07,2.4,They unit plan. Threat pattern seem particularly able. History rise toward.,Begin alone money part agent represent modern result set seem trouble something.,https://picsum.photos/640/480?random=27
28,Melissa Rodriguez,3,2061.7,1.88,Country sound purpose. Politics method risk research kind pressure believe. Small edge executive.,Explain until Democrat detail positive bring.,https://picsum.photos/640/480?random=28
29,Brenda Pierce,4,9954.89,3.77,Such floor seven set music decade. Another green by case.,Remain whom not must hour front middle grow difficult reality Democrat soldier sort.,https://picsum.photos/640/480?random=29
30,Dennis Brown,3,5236.04,3.94,Score amount hotel sometimes local.,Painting people seat fall budget focus.,https://picsum.photos/640/480?random=30
31,Mr. John Rosales DDS,6,6115.86,2.5,Tend morning whose laugh likely.,Sea more or because peace staff until.,https://picsum.photos/640/480?random=31
32,Denise Williams,6,560.88,3.72,Member staff any fund. Side option hour strategy.,Certainly ball experience good agent sit.,https://picsum.photos/640/480?random=32
33,Ashley Castro,1,8009.63,4.84,Term help position paper wide pressure. Song air say power.,Boy also have special thus professor land girl.,https://picsum.photos/640/480?random=33
34,Logan Stanley,5,1865.07,2.95,Today outside safe maintain partner simply. Meeting the kind agency approach ask.,Soon tend five in moment bring feeling sport.,https://picsum.photos/640/480?random=34
35,Zachary Mclaughlin,3,5771.56,3.93,Job respond teacher point hundred. Hard behavior order training so heavy leg. Best section site.,Beautiful last movement add modern media establish director.,https://picsum.photos/640/480?random=35
36,Julie Mckinney,5,3346.29,2.61,Along none standard region. Produce woman team also. Go too even keep.,Full analysis sit case eight assume great action minute there.,https://picsum.photos/640/480?random=36
37,Willie King,5,6767.47,2.8,Less end lose age determine beat brother. Issue western language seek. Blue action official.,Ability man have business son high himself place.,https://picsum.photos/640/480?random=37
38,Deanna Powell,6,7950.07,4.41,Name hope participant language well. Many unit office blood financial often near.,Design boy four health leg direction thank important apply probably note economy raise.,https://picsum.photos/640/480?random=38
39,Carolyn Griffin,5,6528.04,3.49,Apply enter discover north image fall type. Water decision right list. Have relate six campaign.,House fish number build student prove sing.,https://picsum.photos/640/480?random=39
40,Adam Pittman,7,8502.88,3.15,Alone need wife travel explain politics white last. A certain whole issue bad.,Notice carry together laugh ago administration.,https://picsum.photos/640/480?random=40
41,Sharon Hines,4,8680.85,3.84,"Worry high may two.
Including say civil your voice. Produce population radio far.",Paper matter begin story show pass.,https://picsum.photos/640/480?random=41
42,Donna Villegas,7,6891.83,4.46,Room reveal approach nothing. Idea name few society similar. Agent week already fly.,Court serious ten their employee Mrs health.,https://picsum.photos/640/480?random=42
43,Megan Gardner,7,8848.6,4.66,Beyond describe like future. Particularly mother friend hospital.,Fine run huge information explain entire play oil according hour.,https://picsum.photos/640/480?random=43
44,Todd Pollard,6,9242.16,1.32,Social lose security investment campaign method specific. Air cost box bill whether remember there.,Police vote feeling tough natural under daughter economy.,https://picsum.photos/640/480?random=44
45,Travis Walker,1,4743.3,1.08,Near for next friend event. Cold program sound hundred difference weight democratic.,Audience on federal charge former threat follow.,https://picsum.photos/640/480?random=45
46,Cassandra Mills,7,6249.93,2.8,Likely serious before history. Cut born family despite bit.,Kitchen energy expect window product finally hospital play wind approach ago top season.,https://picsum.photos/640/480?random=46
47,Jeffrey Allen,1,9819.99,1.71,Our maybe American bit back. Feeling red current or medical score.,Condition sign read history experience best question wear.,https://picsum.photos/640/480?random=47
48,Penny Gilbert,6,1195.41,4.32,Require else clearly owner. Industry wear baby letter teacher positive other standard.,Together deal write consider left consumer exist language toward week.,https://picsum.photos/640/480?random=48
49,Natalie Roth,2,1336.63,4.59,Almost want during structure attack at. Method management sit every reduce finish identify.,School expert market sure modern leg statement fire garden cultural management relationship rule.,https://picsum.photos/640/480?random=49
50,Marissa Morton,7,735.54,2.6,Look whose hair hospital. Threat amount unit collection him man.,Forward group window PM give administration certain focus response control member.,https://picsum.photos/640/480?random=50
51,Sarah Murphy,4,8097.58,4.02,Mrs later question act.,Want person old million finish about never federal thus.,https://picsum.photos/640/480?random=51
52,Brittany Gomez,1,3587.54,3.77,Approach fill beat for analysis. Listen material analysis civil.,Daughter control thought another professor increase decade sit difference list set news.,https://picsum.photos/640/480?random=52
53,Debbie Benitez,1,1989.33,1.63,Hotel share dark any road certain. Sing chair institution age treat onto leader.,People question fire traditional safe begin yeah every live.,https://picsum.photos/640/480?random=53
54,Debra Smith,7,3415.44,1.48,Word book interest.,Edge improve gun politics capital military meet.,https://picsum.photos/640/480?random=54
55,Lisa Lee,6,8814.31,2.74,Realize pick free wait special. Include quality blue build head four.,Head tax stand training defense five listen.,https://picsum.photos/640/480?random=55
56,Autumn Roberts DDS,1,4982.59,2.76,Outside great set learn. Human speech at fire movement.,Simply assume network seat own best conference soon other exactly student team.,https://picsum.photos/640/480?random=56
57,Antonio Bryant,6,8119.0,4.96,End head fill outside record their. Day I feeling drive about personal.,Indeed president agent choice south wonder see body newspaper sister of letter station.,https://picsum.photos/640/480?random=57
58,Mary Martinez,6,2616.64,1.57,Assume yeah season agent social long year. Similar night trial leave series seat responsibility.,Decade short without pressure speech season about.,https://picsum.photos/640/480?random=58
59,Hannah Johnson,3,1847.89,1.17,Visit less others subject feeling. Style picture choose low. Send push foreign claim.,Car and population nearly first cut real somebody.,https://picsum.photos/640/480?random=59
60,Jennifer Holland,6,4993.64,1.23,Brother writer type central catch when. Mr upon material child range party statement.,Red into opportunity attention find become good stop eye.,https://picsum.photos/640/480?random=60
61,Brittany Charles,3,697.04,2.05,Lay local left something adult spring article. Newspaper better vote practice my wide least toward.,Couple individual here customer political use skill unit.,https://picsum.photos/640/480?random=61
62,Melissa Vega,4,3421.65,3.31,Charge operation sort exist. Role prepare simply. Rather guy owner.,Summer quite anything painting sort people deep memory sister matter film view.,https://picsum.photos/640/480?random=62
63,Barbara Singleton,2,8173.35,2.72,Structure base rest point law property. Fish on dinner letter. Turn send garden explain.,Open we energy road establish similar.,https://picsum.photos/640/480?random=63
64,Lori Johnson,3,2737.63,3.39,Impact local information. Both large modern understand player ability management.,Return consider go decade share when ever bit all best generation program gun possible.,https://picsum.photos/640/480?random=64
65,Michael Gilbert,2,7069.99,1.2,Prevent gas line bit. Actually against past only item son almost.,World here black recent per tend so happen plan cut represent.,https://picsum.photos/640/480?random=65
66,Christy Doyle,3,9441.25,2.98,Place husband fact. Too protect manager rate whose radio. Back near appear leader unit.,Doctor international party happy example care group yes realize nearly card voice.,https://picsum.photos/640/480?random=66
67,Matthew Valenzuela MD,6,4126.88,1.43,Follow say right on nothing. Almost us company experience thing.,Conference mind program recent test south offer guy event save dream mention.,https://picsum.photos/640/480?random=67
68,Alexandra Clark,4,1854.78,1.76,Technology significant on happy.,Argue build plant garden edge tax somebody director agent.,https://picsum.photos/640/480?random=68
69,Cynthia Mills,4,4360.39,3.51,Mrs thousand general game. West hair community. Decade article bring majority role.,International me clearly growth age certain order.,https://picsum.photos/640/480?random=69
70,Pamela Alvarado,4,7958.68,2.16,Challenge operation Republican drug admit. Rather wife think cover.,Pick shake reason worry see brother point find around effect management.,https://picsum.photos/640/480?random=70
71,Lisa Hart,2,6177.59,2.26,Create turn up music market station. Occur role feeling. Record style process see boy.,Article material second training system especially election.,https://picsum.photos/640/480?random=71
72,Amanda Bradford,7,3110.26,4.41,Ever message from and. Model hold sign hear full.,Young interesting anyone age participant their new sound month hot point.,https://picsum.photos/640/480?random=72
73,Elizabeth Watkins,2,4876.38,2.03,Phone least reduce front. Figure woman admit bag organization drug.,From way available side base win Democrat Mr day quickly.,https://picsum.photos/640/480?random=73
74,Bradley Daniels,2,954.76,3.59,And control when five car water.,Manager rock personal girl whose middle.,https://picsum.photos/640/480?random=74
75,Lisa Webb,5,2850.76,3.64,Throw model involve must against. Stage blood like win for particular owner.,Wall brother peace ten television partner rule study democratic while air only choose.,https://picsum.photos/640/480?random=75
76,Debra Montgomery,5,3025.34,4.6,Ok item you Mrs relationship red. Left art official top great.,Somebody usually line coach group official agency key man certain police kitchen east.,https://picsum.photos/640/480?random=76
77,Xavier Anderson,6,7848.32,1.2,Job end account. Choose writer create international win church feeling.,Job field despite wait successful method region.,https://picsum.photos/640/480?random=77
78,Alexis Hernandez,1,2811.39,2.92,Leg consider perform argue manager wrong. Different election act ground.,Argue important program anyone avoid others center hour care once.,https://picsum.photos/640/480?random=78
79,Christopher Taylor,5,7789.44,4.46,Wish use social western little military both. Hot power trip training citizen.,Sense charge size involve either both.,https://picsum.photos/640/480?random=79
80,Brenda Hogan,5,3555.28,2.24,Issue rock go evening. Offer hit career over thousand factor approach. Few environmental magazine.,Check mean few officer sometimes whom bar senior court within visit position.,https://picsum.photos/640/480?random=80
81,Nathan Knight,4,9953.72,4.52,"Buy top president blue decade any.
It respond important. Number point charge know.",All every plan start right century perform TV entire black world investment well.,https://picsum.photos/640/480?random=81
82,Justin Williams,2,7159.29,4.84,Evidence bill per black effect.,Best traditional themselves left present audience while majority name hour end physical foot.,https://picsum.photos/640/480?random=82
83,James Jones,2,5444.37,1.79,Director check his.,Newspaper head system network main apply same language wait resource.,https://picsum.photos/640/480?random=83
84,Jonathan Franco,4,3856.83,1.7,Teach body particular possible pass. Avoid their show too image. Foreign low between degree ask.,West general what race two color once money.,https://picsum.photos/640/480?random=84
85,Kenneth Riggs,1,5212.65,4.66,Attack you remember during recently inside cell. Exactly should material enter thus service father.,He difficult travel where share pressure.,https://picsum.photos/640/480?random=85
86,Andrew Walter,3,7234.38,4.15,Act again keep this from idea serve. Fear news dark stop deep.,Edge PM show end thousand fly glass city single that.,https://picsum.photos/640/480?random=86
87,Stephen Steele,6,4782.16,4.05,Class capital baby special purpose once. Spring indeed senior including billion.,Game citizen should may give range however car.,https://picsum.photos/640/480?random=87
88,Hunter Rodriguez,7,8011.62,3.14,Perhaps meet more mission offer common wait. Person them policy deal toward catch down police.,Hand view lot memory president example involve that charge seat.,https://picsum.photos/640/480?random=88
89,Kim Henson,5,9911.46,1.43,Structure treat source measure size class actually.,None finally able young development none.,https://picsum.photos/640/480?random=89
90,Laura Pratt,7,7268.18,4.87,Leader financial material summer. Action them police young range describe pick.,Group term ground produce have second with respond.,https://picsum.photos/640/480?random=90
91,Sarah Parker,5,6217.0,4.47,Provide loss capital country town.,Arm myself per wind five unit technology born among describe enough even question.,https://picsum.photos/640/480?random=91
92,Molly Rivers,6,6391.89,4.43,Former yes few everybody family. Cold tonight campaign.,Up almost but ability technology politics half including show.,https://picsum.photos/640/480?random=92
93,Bobby Wilcox,7,6660.76,2.4,Step same under artist heart shake. Follow reflect almost sea east her. Manager under much.,Read play drug top pick whose dream.,https://picsum.photos/640/480?random=93
94,Cynthia Duncan,5,8808.47,1.23,Gas husband want remain stand sister anything. Take push change own.,Through never member operation hospital serious entire group pass whether cup.,https://picsum.photos/640/480?random=94
95,Gina Hamilton,2,6692.93,2.59,Window appear save could. Defense age ability suddenly rock him.,American four election Republican nation start suggest story management well out color.,https://picsum.photos/640/480?random=95
96,Kelly Guerra,1,3547.88,1.98,"Yard business goal write. And laugh right meet travel miss.
Contain play summer.",Simply specific eye high cold her skin government give lay gas.,https://picsum.photos/640/480?random=96
97,Mr. Andrew Travis,1,1829.19,1.49,Discuss one couple option real Democrat. Answer cold election report.,Under summer interesting base old standard natural home rate probably apply between.,https://picsum.photos/640/480?random=97
98,Emily Campbell,4,4272.11,3.79,Some modern unit time history office. Hotel road organization reduce ahead across.,Lay candidate likely present memory note section perhaps really well.,https://picsum.photos/640/480?random=98
99,Donald Martin,5,1533.91,4.9,At study someone himself charge. Send down authority themselves describe improve.,Such across west guy rock quite maybe now beyond since sure language.,https://picsum.photos/640/480?random=99
100,Scott Hall,6,2902.54,3.2,Expect information rest address although parent. Think raise learn push.,People win participant expert they fine bed.,https://picsum.photos/640/480?random=100
