id,user_id,partner_user_id,event_name,date,location,budget,guest_count,theme,notes
1,2,9,Raymond's Wedding,2024-08-22,Cannonton,27932.35,123,Traditional,Last people dream social best. Weight week home type happen there machine. Case teacher prepare call.
2,12,3,Michelle's Wedding,2024-01-06,New Gregory,13198.31,127,Rustic,Face behavior give market born. Region base detail room. Minute society though different suggest.
3,2,19,Bryan's Wedding,2024-01-13,Mitchellmouth,28567.79,188,Classic,"Body bill thus guy seem. Employee present dark forward. Manage up word safe.
Discuss along hot star new reality system appear. Health leader pretty usually soldier language class."
4,20,16,Cole's Wedding,2024-03-26,Lake Cassandraberg,15247.31,57,Modern,Information send interesting view few hundred poor. City guess century but occur involve few.
5,11,13,David's Wedding,2024-12-04,Loganchester,35126.2,50,Bohemian,His forward really moment blue why. Contain affect though fight. Hospital sport dinner sing report dog return operation.
6,1,17,Jorge's Wedding,2024-07-01,Joshuaton,11803.2,157,Modern,"Ability far range relationship different nation. Various spend art could edge simple light.
Like but back quality whose fight month. Receive husband per."
7,11,5,Jennifer's Wedding,2024-11-18,Penaview,41939.56,283,Bohemian,"Cause idea southern support shake detail. Message floor field. Win sometimes word college.
Behind late fast station road population outside."
8,16,17,Michael's Wedding,2024-12-07,Port Ryan,35909.08,151,Traditional,"Type within person sister development. Woman argue edge experience write tell tree.
Scientist effect institution build quite somebody lose. Off set where eat where. Notice of argue wrong rule meet."
9,13,17,Matthew's Wedding,2024-05-27,Leetown,29617.96,298,Modern,"People lead grow including plan stay key. Edge manage research number under without available focus.
Health TV develop trade trial protect special. Action board back. We green production push."
10,19,17,Hannah's Wedding,2024-02-23,Bartlettfurt,24998.58,270,Traditional,Political they official. Within middle may western effect born mouth. Baby different gas free eye crime send.
11,1,16,Chelsea's Wedding,2024-07-29,Andrewberg,28310.28,191,Modern,"Include approach site claim central let foreign firm. Guess garden scientist. Soldier become either hair main laugh task process.
Thank fact product ahead which low eat."
12,1,2,Alexandra's Wedding,2024-10-31,Williamsview,34638.92,67,Rustic,"Own smile shake cell defense lawyer recent safe. Lose different large media foreign.
Such behind seat his buy. Wear interest difference way hand. Bit government opportunity ready why film ready."
13,10,2,Tammy's Wedding,2024-05-14,Port Allen,36234.3,164,Bohemian,Push tonight world middle story. Line difference skin involve. Sit perform reduce house.
14,3,18,Kathleen's Wedding,2024-08-02,Port Claytonhaven,34520.91,240,Bohemian,"Southern bar question guess simple. Imagine break maintain probably.
Job room floor page police."
15,20,19,Jessica's Wedding,2024-07-16,Arroyoton,46615.09,280,Modern,"Avoid break officer series. Return best good student country respond. Story truth sell example.
Eat evidence natural others campaign law. Phone save first city."
16,6,14,Jennifer's Wedding,2024-02-29,Hamptonchester,48492.38,265,Traditional,"Expert upon economic fall can pull picture. You reality lay sit and draw method final.
Impact seat police there section rule. Pressure low small argue. City media indeed consumer key at in."
17,12,11,Chad's Wedding,2024-07-31,Johnsonfurt,23105.28,141,Rustic,"Buy among service sound development follow perform. Along his the local particular. Truth position agreement during. Marriage reduce fight city.
Table down page agency shake. Church little detail."
18,8,7,Tanya's Wedding,2024-10-06,Johnsonborough,12847.48,100,Bohemian,"Enjoy before deal feel federal possible. Add bar amount your individual interview.
Board partner into. Eat return college five."
19,4,7,Monica's Wedding,2024-07-20,West Austintown,38849.11,169,Bohemian,"West much lead buy chance guess.
Water provide bring actually sister record. Race meet staff fall admit walk. Particularly marriage player. Myself mention young thought pattern or."
20,7,10,James's Wedding,2024-06-23,Lauraborough,27642.04,56,Rustic,Gas make apply option few discussion set international. Account bed tough rest.
21,10,9,Sara's Wedding,2024-02-02,Randystad,26024.09,115,Classic,Nor summer miss watch evidence. Guy step unit send prevent cut run. Cut smile mouth grow avoid industry side. She happen center force often.
22,13,3,Vernon's Wedding,2024-06-30,South Melissafurt,14739.3,289,Modern,"Image meet Republican race Democrat conference kitchen. Bank provide mother.
Whole suddenly national teacher necessary a."
23,14,12,Jennifer's Wedding,2024-05-22,Coleborough,19095.67,216,Rustic,"Despite night perform. Only study letter short learn hold.
Scientist trade marriage stop size hospital add. Race way third girl Mrs hundred."
24,8,14,Gregory's Wedding,2024-01-23,Lake Sara,16321.62,66,Rustic,Final pretty really receive travel agent. Produce fight order financial recent manager officer heart. Trial Republican book develop describe here worker. Week wind body guy range.
25,10,3,Mark's Wedding,2024-03-28,South Brittney,15249.64,183,Modern,Nearly thousand administration season determine future board. Nothing law wrong image improve plan draw.
26,16,8,Richard's Wedding,2024-02-01,East Oscarfurt,36304.56,213,Classic,"Month become that change must hold. Alone lot fall practice once research half plan.
Concern member person cost outside.
Play police although generation indeed court."
27,2,8,Mark's Wedding,2024-04-18,Pinedamouth,12857.76,253,Rustic,"Arrive major focus personal president floor. Fly usually man for player.
Consumer room rest administration town floor. Hope government never class. Beat business report behind same tough their."
28,19,12,Diane's Wedding,2024-12-21,Millerport,49868.25,185,Rustic,"Consumer meet night ball summer past decide south. Kitchen technology item must own tree buy.
Agree sing film baby campaign. Increase herself improve present your raise special."
29,15,2,Joseph's Wedding,2024-12-19,Michaelfort,30147.08,118,Rustic,"Stage difference paper prevent vote degree.
Able girl pay discuss road wear environmental. Mouth another against tell knowledge market. Help painting help."
30,19,9,Ashley's Wedding,2024-09-19,Hickmanshire,39134.62,212,Traditional,"Market our including course property let. Positive decade production camera necessary office.
Religious into head believe. Hospital under statement southern."
